Product_ID,Product_Name,Sales_Amount,Quantity_Sold,Sales_Date,Customer_ID,Region
6669.0,Product_79,204.00347235967917,9.0,2023-03-11 05:55:02.628285356,47201.0,South
3052.0,Product_6,147.17449855654965,14.0,2023-09-15 20:27:20.050062576,34530.0,East
3618.0,Product_66,299.1497045177556,3.0,2023-02-05 01:53:32.515644555,34624.0,West
,Product_63,440.2433802977183,5.0,2023-11-04 23:09:32.215269084,23503.0,East
8678.0,Product_5,199.60782909953753,4.0,2023-07-15 21:28:36.645807258,78045.0,East
3284.0,Product_80,258.0012510523028,8.0,2023-10-30 22:53:18.998748432,68773.0,West
1634.0,Product_76,208.5392855553981,19.0,2023-01-23 07:44:58.873591989,87511.0,North
3345.0,Product_67,128.05941788358663,5.0,2023-12-16 21:03:22.753441800,20707.0,West
8693.0,Product_61,161.88659777480427,15.0,2023-10-10 10:52:24.931163952,19493.0,West
3782.0,Product_3,337.76409021062636,12.0,2023-05-29 23:18:32.891113892,91110.0,East
7381.0,Product_86,485.61542355428617,12.0,2023-05-26 07:50:23.279098872,74994.0,West
7078.0,Product_61,324.57327564391375,10.0,2023-09-24 01:15:41.677096368,97904.0,North
5440.0,Product_72,443.6547905577166,15.0,2023-09-12 04:59:10.438047556,41826.0,North
5471.0,Product_74,120.61584372896243,17.0,2023-12-24 03:59:41.977471836,58893.0,West
1721.0,Product_30,161.10505291672817,1.0,2023-07-15 10:32:35.444305380,52012.0,West
5887.0,Product_26,415.21094698991317,6.0,2023-11-01 07:41:22.603254064,72637.0,East
8984.0,Product_61,77.61408143751486,10.0,2023-10-13 15:24:33.341677096,75614.0,West
8260.0,Product_97,22.16298859190286,16.0,2023-01-07 20:00:18.022528160,42332.0,East
4354.0,Product_56,206.645934485352,7.0,2023-08-25 21:30:24.780976220,77609.0,South
3827.0,Product_2,366.4733488171377,1.0,2023-04-01 04:51:57.897371714,18399.0,South
9644.0,Product_77,199.5952901125042,3.0,2023-11-11 08:13:49.036295368,90664.0,East
6201.0,Product_98,296.0602293976661,11.0,2023-06-08 23:50:59.324155192,62224.0,West
3011.0,Product_90,415.18318852855316,4.0,2023-05-23 14:14:16.070087608,46833.0,East
8845.0,Product_58,145.8479859100822,11.0,2023-04-03 00:36:02.703379223,53162.0,East
4645.0,Product_77,288.1379597503784,12.0,2023-01-03 06:40:06.007509386,55528.0,South
6047.0,Product_44,330.76059793796355,3.0,2023-04-29 10:45:12.390488110,54678.0,East
4327.0,Product_93,180.59063558145525,8.0,2023-04-30 19:33:15.994993742,59434.0,South
2447.0,Product_81,255.2327919031277,18.0,2023-11-16 08:30:02.252816016,78607.0,North
7513.0,Product_59,212.4542390939572,13.0,2023-08-18 14:34:05.556946180,93565.0,North
8905.0,Product_69,312.5586589570751,7.0,2023-12-05 22:38:53.917396744,85761.0,West
8282.0,Product_58,180.94247199521055,6.0,2023-08-06 18:17:34.317897372,41362.0,South
6415.0,Product_9,176.01302259310563,5.0,2023-05-14 11:33:52.040050062,14141.0,West
6750.0,Product_20,470.54945667530427,12.0,2023-05-05 19:49:29.211514392,75602.0,South
7316.0,Product_61,152.64486484589077,9.0,2023-11-10 10:21:46.633291612,68701.0,East
1634.0,Product_76,208.5392855553981,19.0,2023-01-23 07:44:58.873591989,87511.0,North
8982.0,Product_46,252.78676212826147,13.0,2023-10-15 22:04:39.349186480,23362.0,East
1972.0,Product_11,497.88855376540494,5.0,2023-11-25 22:06:27.484355444,96282.0,West
3671.0,Product_19,41.31521339250332,17.0,2023-11-18 15:10:08.260325404,78222.0,West
9385.0,Product_43,82.37690050088612,4.0,2023-01-15 13:52:38.448060075,73288.0,South
4940.0,Product_39,350.42722882505916,17.0,2023-02-27 20:34:32.590738423,,South
5524.0,Product_17,245.6559587819171,6.0,2023-10-09 02:04:21.326658320,85403.0,South
2048.0,Product_23,177.6717941920219,6.0,2023-12-05 00:46:51.514392988,46901.0,North
7845.0,Product_94,376.8830675650146,4.0,2023-10-05 10:36:11.714643304,44550.0,East
9901.0,Product_32,64.37670615683007,12.0,2023-10-17 06:52:42.953692112,80434.0,West
8869.0,Product_25,272.92870491613064,2.0,2023-06-30 09:43:55.794743428,31602.0,East
8415.0,Product_6,64.57997022394309,7.0,2023-12-01 20:14:43.103879848,39825.0,East
6255.0,Product_44,109.10768536146786,6.0,2023-01-31 01:37:19.299123904,64362.0,East
5668.0,Product_69,498.4899616187765,13.0,2023-09-14 22:35:17.647058820,96184.0,South
7539.0,Product_65,91.45035701868312,13.0,2023-02-19 04:50:09.762202753,,East
3415.0,Product_49,38.46435098882966,12.0,2023-12-02 07:10:44.305381724,46839.0,West
4195.0,Product_37,152.3368873962988,8.0,2023-12-30 13:03:58.798498120,38840.0,East
1954.0,Product_54,235.3417823000456,15.0,2023-02-15 13:22:00.150187734,97876.0,North
7483.0,Product_26,450.63073504502484,17.0,2023-02-28 07:30:33.792240300,43785.0,East
6455.0,Product_67,317.5307863938842,4.0,2023-02-17 20:02:06.157697121,83495.0,East
2892.0,Product_95,433.45337967024074,3.0,2023-02-01 10:25:22.903629536,29073.0,South
9181.0,Product_51,433.7202649620282,9.0,2023-01-21 12:00:54.067584480,46713.0,South
4791.0,Product_47,400.5831956968671,12.0,2023-07-25 22:01:03.078848560,89569.0,South
2257.0,Product_38,442.2204327059808,8.0,2023-05-02 04:21:19.599499374,86312.0,West
9092.0,Product_63,71.61525221653334,17.0,,27509.0,East
2629.0,Product_14,11.772795306537148,17.0,2023-02-16 00:18:01.351689611,95366.0,West
8832.0,Product_25,204.3383418923073,16.0,2023-03-26 06:43:42.277847309,77838.0,North
4970.0,Product_56,299.6387176961038,10.0,2023-05-13 02:45:48.435544430,95469.0,South
3432.0,Product_42,324.3831950431086,19.0,2023-10-01 08:12:00.901126408,37181.0,South
3672.0,Product_25,110.92736595566521,3.0,2023-09-07 04:42:57.221526908,96296.0,East
5780.0,Product_58,120.20053271319816,12.0,2023-12-08 05:18:59.924906132,84777.0,West
2666.0,Product_24,420.3775709950225,19.0,2023-06-24 00:39:38.973717146,72224.0,West
7239.0,Product_45,412.5202402766149,12.0,2023-01-26 23:13:08.485607008,78321.0,North
1203.0,Product_2,397.13464142682966,18.0,2023-02-28 18:26:34.993742177,94146.0,West
9615.0,Product_93,71.93257028786309,4.0,2023-08-02 04:57:22.302878596,32763.0,East
5780.0,Product_58,120.20053271319816,12.0,2023-12-08 05:18:59.924906132,84777.0,West
7509.0,Product_92,128.02721135907586,18.0,2023-10-09 23:56:23.729662076,13981.0,East
9841.0,Product_82,133.0028376117181,18.0,2023-02-16 22:10:03.754693366,90052.0,North
1717.0,Product_96,322.5447182218446,1.0,2023-01-09 15:44:22.828535669,87994.0,North
2717.0,Product_17,207.78807029979697,16.0,2023-07-24 13:12:59.474342928,55929.0,East
8616.0,Product_19,430.2603200352237,4.0,2023-09-19 11:55:29.662077596,49643.0,West
2764.0,Product_13,128.7365809800707,7.0,2023-11-18 04:14:07.058823528,76576.0,
1348.0,Product_68,26.812601477338788,8.0,2023-06-29 11:51:53.391739674,33610.0,South
2505.0,Product_64,445.5071212996169,2.0,2023-01-29 16:49:15.694618272,53333.0,South
9112.0,Product_99,66.02547075297869,7.0,2023-07-04 12:08:06.608260324,56202.0,North
6368.0,Product_46,72.96351619420726,6.0,2023-10-19 02:36:47.759699624,17610.0,North
8409.0,Product_48,81.12293422904202,5.0,2023-09-11 18:03:09.236545680,59853.0,North
1370.0,Product_91,151.486354571125,15.0,2023-02-19 15:46:10.963704630,67241.0,North
4806.0,Product_50,482.9912927570662,17.0,2023-09-26 18:51:48.886107632,75305.0,West
5266.0,Product_38,128.15193542589265,1.0,2023-11-09 12:29:44.230287856,17961.0,North
3775.0,Product_79,108.37131306982204,10.0,2023-05-11 17:57:44.831038798,66058.0,North
9806.0,Product_20,347.3695476739381,1.0,2023-09-26 07:55:47.684605756,18989.0,South
1268.0,Product_27,430.05557001606405,1.0,2023-10-12 06:36:29.737171464,32760.0,West
8081.0,Product_61,34.6719339263476,17.0,2023-02-11 00:01:48.135168961,86425.0,West
7124.0,Product_3,476.93442529413704,4.0,2023-12-29 15:11:56.395494364,57934.0,West
4046.0,Product_37,75.92432205780733,5.0,2023-02-26 00:50:27.784730913,75886.0,South
7239.0,Product_45,412.5202402766149,12.0,2023-01-26 23:13:08.485607008,78321.0,North
7771.0,Product_40,143.8974025527684,13.0,2023-07-20 10:48:48.660826032,48328.0,East
8117.0,Product_86,417.1428277964349,14.0,2023-07-28 04:41:09.086357946,74824.0,South
7603.0,Product_11,70.92515220542408,4.0,2023-08-17 16:42:03.153942428,47841.0,South
2647.0,Product_23,461.60497040978163,7.0,2023-07-19 12:56:46.257822276,69473.0,West
2879.0,Product_82,241.03524447789658,16.0,2023-05-22 16:22:13.667083854,76830.0,East
2902.0,Product_28,204.7230796683648,16.0,2023-12-20 12:31:32.365456820,65311.0,North
8381.0,Product_3,497.19349982942884,15.0,2023-12-07 18:22:58.723404252,62127.0,West
8876.0,Product_9,348.2439533878729,9.0,2023-03-29 22:11:51.889862327,67602.0,South
7859.0,Product_36,45.39136640239499,14.0,2023-02-16 11:14:02.553191489,23403.0,North
5247.0,Product_77,314.7125465693695,14.0,2023-08-24 23:38:22.377972464,47260.0,South
4258.0,Product_13,96.30723027464227,15.0,2023-06-20 09:11:29.361702126,34363.0,East
7204.0,Product_93,39.35007252257078,9.0,2023-02-23 07:14:20.575719649,96486.0,East
4113.0,Product_4,74.29375147727262,13.0,2023-07-30 11:21:15.093867332,87261.0,West
3258.0,Product_72,342.6848861812739,8.0,2023-03-27 04:35:44.680851063,25620.0,East
9869.0,Product_64,455.08008374631123,11.0,2023-10-04 12:44:09.311639548,23275.0,North
7055.0,Product_59,379.345626754105,6.0,2023-04-23 12:36:56.770963704,58632.0,West
3430.0,Product_62,44.69244462199608,10.0,2023-05-22 05:26:12.465581976,44831.0,West
8538.0,Product_78,298.92141281200884,10.0,2023-08-09 00:57:40.325406756,16041.0,West
6057.0,Product_24,448.36652241197515,11.0,2023-01-11 00:32:26.433041301,85118.0,North
5331.0,Product_92,402.49088135552864,19.0,2023-05-14 22:29:53.241551940,33350.0,South
2234.0,Product_15,317.57210232859524,1.0,2023-06-11 06:31:05.331664580,44808.0,North
7751.0,Product_83,93.62066053358397,5.0,2023-07-17 06:16:40.250312890,82069.0,East
7009.0,Product_89,440.4774391357001,4.0,2023-09-16 07:23:21.251564452,88052.0,North
9597.0,Product_82,40.22206104456532,2.0,2023-06-25 20:23:43.779724654,81629.0,South
8404.0,Product_3,169.3258948442435,9.0,2023-02-15 02:25:58.948685857,37304.0,South
4792.0,Product_52,489.6800197748047,2.0,2023-02-02 19:13:26.508135169,66920.0,South
4255.0,Product_81,280.4499954876669,14.0,2023-04-18 12:20:43.554443054,87603.0,North
7797.0,Product_21,146.38486433831034,5.0,2023-08-21 08:10:12.765957444,52968.0,East
5933.0,Product_41,265.1078021411671,4.0,2023-02-27 09:38:31.389236545,67692.0,East
1844.0,Product_64,179.7859300245028,2.0,2023-06-09 10:47:00.525657070,29643.0,West
5827.0,Product_35,98.65191723322567,7.0,2023-10-30 01:01:16.595744680,41663.0,West
3617.0,Product_37,198.9125130283277,12.0,2023-05-10 09:09:41.226533166,33104.0,East
9210.0,Product_49,293.44365242561736,16.0,2023-03-24 10:59:37.471839799,24292.0,West
8212.0,Product_17,255.43616888818144,9.0,2023-04-28 12:53:09.987484354,76262.0,North
4308.0,Product_90,291.2880827426873,2.0,2023-07-27 17:45:07.884856068,33097.0,West
3806.0,Product_78,163.8229986611726,3.0,2023-11-25 00:14:25.081351688,29613.0,West
7139.0,Product_92,44.65233467175311,2.0,2023-06-19 00:23:25.757196494,68901.0,South
7511.0,,406.0297395300527,17.0,2023-08-29 23:54:35.594493116,85235.0,East
6126.0,Product_58,170.5285835994306,15.0,2023-01-01 10:56:01.201501877,90674.0,North
1142.0,Product_6,178.21923751750344,16.0,2023-07-20 21:44:49.862327908,46784.0,East
7711.0,Product_86,151.68127194040105,6.0,2023-05-17 16:06:00.450563204,69180.0,West
8263.0,Product_82,101.87775684932629,4.0,2023-11-21 08:46:15.469336668,26459.0,North
1052.0,Product_21,258.2951863217769,19.0,2023-06-22 15:51:35.369211514,31301.0,West
3411.0,Product_30,67.77789116245731,1.0,2023-05-09 22:13:40.025031288,60387.0,South
5108.0,Product_32,15.362388324232967,4.0,2023-04-19 21:08:47.158948686,59990.0,East
4521.0,Product_14,407.17454141686494,1.0,2023-03-24 21:55:38.673341677,13052.0,East
1956.0,Product_68,63.518218034088854,15.0,2023-03-12 14:43:06.232790988,37938.0,South
2260.0,Product_32,131.8147996474807,12.0,2023-09-18 03:07:26.057571964,14886.0,North
5251.0,Product_99,302.4514428012476,8.0,2023-02-24 05:06:22.978723404,46404.0,South
8522.0,Product_57,92.69099399519965,18.0,2023-05-26 18:46:24.480600750,73884.0,West
1650.0,Product_5,70.9389124476312,6.0,2023-03-28 02:27:47.083854818,30750.0,South
2445.0,Product_76,196.41999323676907,8.0,2023-06-21 07:03:31.764705882,11582.0,North
4839.0,Product_11,160.88463007150338,17.0,2023-03-20 19:31:27.859824780,57779.0,East
2216.0,Product_75,132.0403675571174,14.0,2023-11-23 15:26:21.476846056,28733.0,South
1607.0,Product_67,73.49393938667552,14.0,2023-11-17 06:22:04.655819772,60715.0,South
4764.0,Product_62,124.06313466417362,7.0,2023-01-12 20:16:31.239048811,94363.0,East
8291.0,Product_46,24.868735247256428,5.0,2023-01-29 05:53:14.493116395,58784.0,South
6366.0,Product_39,180.64176849386553,4.0,2023-08-13 03:21:51.138923652,45490.0,West
4847.0,Product_45,420.2326616425141,9.0,2023-11-03 03:25:27.409261576,27397.0,South
9069.0,Product_75,73.93076503842846,19.0,2023-11-11 19:09:50.237797244,91199.0,East
3217.0,Product_1,97.38677019985288,3.0,2023-04-02 02:44:00.300375469,26532.0,South
5670.0,Product_80,332.8453006717064,17.0,2023-10-20 11:24:51.364205256,77906.0,North
2857.0,Product_13,33.15629189993504,12.0,2023-04-20 19:00:49.561952440,79351.0,East
5589.0,Product_10,302.8943333029964,17.0,2023-05-08 02:29:35.219023778,55717.0,West
5006.0,Product_17,208.28790334009,13.0,2023-09-22 16:27:38.072590736,40988.0,West
4294.0,Product_76,196.70083365529646,3.0,2023-05-03 02:13:22.002503128,91494.0,North
4020.0,Product_79,161.30770986850052,18.0,2023-04-20 08:04:48.360450562,72888.0,East
3866.0,Product_29,339.0721355118066,2.0,2023-09-20 09:47:32.065081352,70356.0,North
2205.0,Product_40,326.6450831483283,11.0,2023-03-10 08:03:00.225281602,14042.0,West
6208.0,Product_34,408.12145573803684,6.0,2023-06-02 03:50:41.301627032,97908.0,West
9397.0,Product_82,168.4909104135318,6.0,2023-01-24 05:37:01.276595744,50522.0,North
4907.0,Product_27,88.29790131131784,18.0,2023-10-28 16:13:12.991239048,64401.0,West
3565.0,Product_12,337.2790584884206,16.0,2023-01-16 22:40:42.052565707,77084.0,East
7314.0,Product_77,403.6890030034932,2.0,2023-01-03 17:36:07.209011264,87095.0,North
2942.0,Product_23,272.4380521277734,2.0,2023-05-15 09:25:54.443053816,85082.0,North
7801.0,Product_66,338.1806048010524,2.0,2023-01-14 05:04:34.843554443,71030.0,South
5875.0,Product_93,293.64945845429384,2.0,2023-04-15 07:48:35.143929912,71192.0,North
1615.0,Product_27,320.6982002135678,9.0,2023-04-10 18:28:23.128911138,88194.0,South
7628.0,Product_85,33.98982611584425,13.0,2023-05-12 04:53:46.032540676,39299.0,West
6780.0,Product_33,252.47970102257028,7.0,2023-03-31 17:55:56.695869837,19079.0,West
3821.0,Product_89,58.96173974225971,5.0,2023-10-09 13:00:22.528160200,68466.0,North
3972.0,Product_46,385.447758802035,14.0,2023-02-07 19:29:39.724655819,70390.0,West
3535.0,Product_82,114.14138151030087,3.0,2023-06-14 11:03:13.742177722,96322.0,East
8605.0,Product_88,339.45313659250115,16.0,2023-04-22 14:44:54.367959950,,West
1649.0,Product_24,76.01738122391993,8.0,2023-05-18 03:02:01.652065080,50857.0,South
3011.0,Product_2,380.23000840055215,10.0,2023-09-21 07:39:34.468085104,48169.0,North
9970.0,Product_80,300.04480730167035,18.0,2023-11-25 11:10:26.282853564,93028.0,East
4856.0,Product_79,326.13886614889606,14.0,2023-05-06 06:45:30.413016270,43332.0,South
6877.0,Product_32,496.10714154189844,3.0,2023-12-17 18:55:25.156445556,13543.0,South
4262.0,Product_94,351.80269071525356,14.0,2023-03-30 09:07:53.091364205,35523.0,West
1919.0,Product_84,193.08964408787034,1.0,2023-03-18 12:51:21.852315394,11211.0,West
5177.0,Product_63,397.93996143447964,5.0,2023-01-20 03:12:50.463078848,35092.0,North
7726.0,Product_26,337.15142536379034,4.0,2023-11-03 14:21:28.610763452,55406.0,East
3850.0,Product_75,426.319614035861,2.0,2023-03-15 19:15:14.643304130,92994.0,South
1689.0,Product_38,165.1475541803183,18.0,2023-03-06 16:34:50.613266583,74922.0,West
1627.0,Product_48,103.32906556421587,11.0,2023-09-02 04:26:44.005006256,12013.0,North
7100.0,,199.8098913726262,7.0,2023-09-27 05:47:50.087609512,45983.0,East
4783.0,Product_56,333.19846584295794,5.0,2023-09-13 13:47:14.042553188,82361.0,North
5763.0,Product_15,244.48225723102038,5.0,2023-08-07 16:09:36.720901124,94664.0,North
1192.0,Product_88,267.3205905304653,3.0,2023-01-02 08:48:03.604505632,13127.0,East
5145.0,Product_43,368.5110098636481,4.0,2023-05-11 07:01:43.629536920,70624.0,North
6067.0,Product_15,222.72854165834826,8.0,2023-06-03 12:38:44.906132664,23288.0,West
3294.0,Product_29,285.1791203194714,18.0,2023-06-26 18:15:46.182728410,59252.0,North
2932.0,Product_92,314.69714076650183,19.0,2023-06-14 21:59:14.943679598,54565.0,South
7111.0,Product_15,49.48904160939953,13.0,2023-02-23 18:10:21.777221527,35563.0,
4904.0,Product_15,373.8812976319631,4.0,,24385.0,West
3197.0,Product_33,258.87299744110754,19.0,2023-11-24 13:18:23.879849812,45030.0,West
1224.0,Product_47,106.09984265237229,2.0,2023-11-28 04:46:33.491864828,65718.0,East
8566.0,Product_74,167.7671958350616,13.0,2023-10-20 00:28:50.162703376,68047.0,North
1348.0,Product_68,26.812601477338788,8.0,2023-06-29 11:51:53.391739674,33610.0,South
5172.0,Product_51,51.73735434193807,4.0,2023-03-08 23:14:56.620775970,78653.0,North
2814.0,Product_78,212.2540959472037,11.0,2023-11-28 15:42:34.693366708,46445.0,South
6869.0,Product_65,349.00179407480863,18.0,2023-08-14 23:05:55.944931164,11468.0,West
5591.0,Product_86,172.92412728104898,16.0,2023-10-08 04:12:18.923654568,60713.0,West
5322.0,Product_55,495.80872403455635,11.0,2023-08-05 20:25:31.914893616,44929.0,West
1446.0,Product_79,400.89276540066277,8.0,2023-06-09 21:43:01.727158948,48967.0,East
1531.0,Product_30,236.50220018001414,15.0,2023-01-22 09:52:56.470588235,53169.0,North
6184.0,Product_17,88.58493936834553,2.0,2023-10-25 22:37:05.782227784,90986.0,South
4246.0,Product_80,457.925761185026,6.0,2023-11-30 00:30:38.297872340,,West
1269.0,Product_59,264.0836786063941,10.0,2023-06-17 15:35:22.152690862,20931.0,West
2134.0,Product_56,210.64428529308435,10.0,2023-07-11 19:04:25.832290362,72532.0,West
4904.0,Product_15,373.8812976319631,4.0,2023-10-01 19:08:02.102628284,24385.0,West
2609.0,Product_50,464.75994054050324,5.0,2023-12-03 05:02:46.708385480,66321.0,West
5051.0,Product_31,377.2965946850025,8.0,2023-11-24 02:22:22.678347932,29157.0,East
5524.0,Product_4,361.59007930029065,4.0,2023-10-30 11:57:17.797246556,78706.0,South
7589.0,Product_74,127.1942286598878,2.0,2023-09-02 15:22:45.206508132,95617.0,East
4580.0,Product_94,438.36688194596877,19.0,2023-10-11 08:44:27.334167708,81318.0,South
8119.0,Product_44,206.85012703105053,19.0,2023-11-06 07:57:35.819774716,92674.0,East
5992.0,Product_1,368.8374671639626,2.0,2023-08-16 07:53:59.549436796,82255.0,South
3378.0,Product_13,459.60678333037123,15.0,2023-03-09 21:06:59.023779724,58291.0,West
4306.0,Product_79,390.86076720491144,15.0,2023-01-27 21:05:10.888610763,24799.0,West
3725.0,Product_57,252.63787492784135,6.0,2023-02-22 20:18:19.374217772,45268.0,East
8023.0,Product_43,194.7815848238382,7.0,2023-10-28 05:17:11.789737168,21560.0,East
3785.0,Product_45,255.31988817178012,1.0,2023-06-24 22:31:41.376720900,47534.0,North
4645.0,Product_77,288.1379597503784,12.0,2023-01-03 06:40:06.007509386,55528.0,South
7901.0,Product_26,76.93671274814953,16.0,2023-06-24 11:35:40.175219022,66655.0,West
2961.0,Product_50,307.0034214079362,9.0,2023-08-16 18:50:00.750938672,91899.0,West
8175.0,Product_15,209.07846527667445,5.0,2023-04-24 10:28:59.173967458,13320.0,South
9711.0,Product_56,97.62651385319836,19.0,2023-12-25 01:51:44.380475592,31359.0,East
4072.0,Product_71,489.21923092064634,1.0,2023-07-25 00:09:00.675844804,36028.0,North
8483.0,Product_7,460.74224338541666,4.0,2023-11-26 19:58:29.887359196,39680.0,North
7460.0,Product_46,496.0215598831284,1.0,2023-01-30 03:45:16.896120150,50828.0,West
5678.0,Product_22,303.55930946085874,18.0,2023-02-05 12:49:33.717146433,72515.0,East
9417.0,Product_95,491.34802976673916,19.0,2023-06-01 05:58:38.898623278,21801.0,South
8323.0,Product_90,352.3604455692423,12.0,2023-04-18 01:24:42.352941176,34143.0,East
1816.0,Product_19,200.31329608286728,14.0,2023-01-01 21:52:02.403003754,52462.0,South
9721.0,Product_41,336.0938828651392,4.0,2023-09-09 22:19:04.430538172,66022.0,North
3587.0,Product_23,291.3537915735184,7.0,2023-03-29 11:15:50.688360450,79263.0,West
,Product_40,454.4691799837229,10.0,2023-05-16 18:13:58.047559448,56015.0,South
7396.0,Product_100,11.384247545815093,18.0,2023-03-14 21:23:12.240300375,11986.0,West
2474.0,Product_24,357.5078377108995,19.0,2023-03-13 12:35:08.635794743,71720.0,West
4155.0,Product_52,278.421238219531,2.0,2023-05-12 15:49:47.234042552,88572.0,East
2094.0,Product_1,57.86634848117,3.0,2023-12-29 04:15:55.193992488,84531.0,East
9806.0,Product_20,347.3695476739381,1.0,2023-09-26 07:55:47.684605756,18989.0,South
6454.0,Product_20,103.32264886162521,14.0,2023-10-03 14:52:06.908635792,96673.0,West
7316.0,Product_61,152.64486484589077,9.0,2023-11-10 10:21:46.633291612,68701.0,East
4135.0,Product_31,477.51013478511135,2.0,2023-05-06 17:41:31.614518146,88929.0,South
8647.0,Product_73,150.20994361329988,9.0,2023-02-26 22:42:30.187734668,34127.0,South
9924.0,Product_80,262.2077795224887,10.0,2023-08-01 07:05:19.899874844,39483.0,South
7034.0,Product_58,241.3210137927751,10.0,2023-05-07 15:33:34.017521902,12251.0,West
9662.0,Product_59,406.873731385138,18.0,2023-09-08 13:31:00.826032540,16862.0,South
4716.0,Product_44,481.9225739997921,12.0,2023-04-05 18:12:09.912390488,21437.0,South
7079.0,Product_57,415.07714211480044,4.0,2023-05-21 18:30:11.264080100,38647.0,South
3123.0,Product_31,175.78333576266022,7.0,2023-11-27 06:54:31.088861076,70119.0,North
3786.0,Product_91,94.54149118255467,9.0,2023-07-25 11:05:01.877346682,39545.0,North
7785.0,Product_10,429.47765083720225,3.0,2023-12-18 05:51:26.357947432,54135.0,South
9235.0,Product_57,165.54304178900142,9.0,2023-02-04 04:01:30.112640801,30316.0,West
6232.0,Product_14,311.49050400608917,13.0,2023-04-01 15:47:59.098873591,70726.0,South
2939.0,Product_89,429.96069500301945,19.0,2023-10-22 18:04:57.371714640,96148.0,West
7811.0,Product_77,207.1855127971989,1.0,2023-01-06 11:12:14.418022528,64512.0,South
7715.0,Product_40,138.92683196155573,17.0,2023-11-09 01:33:43.028785980,50167.0,North
2827.0,Product_47,38.75237678390403,6.0,2023-12-24 14:55:43.178973716,10727.0,South
1615.0,Product_65,241.87154311016366,12.0,2023-02-14 04:33:56.545682102,83313.0,West
5538.0,Product_1,449.20593014453885,13.0,2023-09-17 16:11:24.856070084,84255.0,West
1075.0,Product_44,271.50551474704406,18.0,2023-12-17 07:59:23.954943676,44206.0,East
8531.0,Product_77,203.15485390563205,18.0,2023-09-08 02:34:59.624530660,31252.0,West
4924.0,Product_33,498.28052285531646,6.0,2023-08-01 18:01:21.101376720,17265.0,North
8279.0,Product_26,145.22577972882578,17.0,2023-09-07 15:38:58.423028784,19490.0,South
2141.0,Product_68,185.58712275286035,14.0,2023-04-16 05:40:37.546933666,58733.0,South
1698.0,Product_44,480.09655510040085,13.0,2023-06-28 03:03:49.787234042,30655.0,East
9848.0,Product_88,478.3644813491139,,2023-10-07 06:20:16.520650812,90021.0,West
9185.0,Product_60,216.11737488472124,13.0,2023-09-04 11:06:50.012515644,18733.0,West
1186.0,Product_26,304.5193116775665,2.0,2023-06-14 00:07:12.540675844,70740.0,East
7197.0,Product_39,402.18888330340553,19.0,2023-12-10 11:59:05.932415516,80404.0,East
1961.0,Product_81,57.17368181124883,4.0,2023-11-02 16:29:26.207759696,57599.0,West
9490.0,Product_44,391.0113375849837,15.0,2023-03-12 03:47:05.031289111,35022.0,North
5815.0,Product_1,211.61041725292824,9.0,2023-12-26 10:39:47.984981224,20929.0,West
7401.0,Product_17,198.94639283549998,9.0,2023-12-10 01:03:04.730913640,20976.0,North
7226.0,Product_79,284.12699592242416,3.0,2023-08-14 01:13:53.541927408,68760.0,South
7774.0,Product_53,331.5466851005848,14.0,2023-05-03 13:09:23.204005006,98905.0,West
2987.0,Product_92,11.86175727686576,17.0,2023-09-09 00:27:02.027534416,79959.0,West
6305.0,Product_26,134.27540409287582,9.0,2023-08-14 12:09:54.743429284,40337.0,West
4505.0,Product_87,251.574322056281,17.0,2023-04-12 03:16:26.733416770,98916.0,North
9464.0,Product_2,212.1028190222751,19.0,2023-08-08 03:05:37.922403004,57356.0,East
1956.0,Product_68,63.518218034088854,15.0,2023-03-12 14:43:06.232790988,37938.0,South
2106.0,Product_92,113.71928965431167,14.0,2023-11-29 02:38:35.894868584,15796.0,North
4759.0,Product_100,334.20271455828237,17.0,2023-03-07 03:30:51.814768460,86768.0,North
1969.0,Product_59,168.42719540622417,3.0,2023-12-28 17:19:53.992490612,44318.0,South
1489.0,Product_87,314.5384341274547,7.0,2023-02-09 15:13:44.530663329,24116.0,South
1985.0,Product_31,324.6338964587716,6.0,2023-10-16 09:00:40.550688360,76745.0,South
4904.0,Product_73,33.05681392208852,1.0,2023-01-07 09:04:16.821026282,13832.0,North
7003.0,Product_94,467.5443541829535,7.0,2023-01-26 01:21:06.082603254,65711.0,East
4191.0,Product_52,13.040504388679581,5.0,2023-03-05 18:42:48.210262828,23753.0,South
8739.0,Product_78,104.75654711312485,13.0,2023-01-25 14:25:04.881101376,53454.0,South
3773.0,Product_57,466.71270483485506,15.0,2023-09-10 20:11:06.833541924,50927.0,West
5876.0,Product_47,16.882497198219983,7.0,,88636.0,South
4373.0,Product_72,392.8174322243875,10.0,,34398.0,South
1719.0,Product_28,35.710501393494376,12.0,2023-06-25 09:27:42.578222778,49390.0,East
8291.0,Product_46,24.868735247256428,5.0,2023-01-29 05:53:14.493116395,58784.0,South
1870.0,Product_71,52.998007127885245,12.0,2023-07-16 19:20:39.048811012,58270.0,South
9828.0,Product_90,299.8615129599571,12.0,2023-05-19 11:50:05.256570712,15577.0,West
2008.0,Product_47,284.47236627206445,18.0,2023-09-13 02:51:12.841051312,67265.0,South
4961.0,Product_76,392.0360019334604,19.0,2023-09-25 10:03:45.281602000,19969.0,East
7999.0,Product_14,108.11611805421639,15.0,2023-08-06 07:21:33.116395492,94171.0,North
2135.0,Product_92,129.8944038994951,2.0,2023-04-13 01:08:29.136420525,49993.0,East
7476.0,Product_62,331.4143662305888,12.0,2023-01-20 14:08:51.664580725,85645.0,East
1584.0,Product_49,73.37202010442239,12.0,2023-09-19 00:59:28.460575716,31575.0,South
6558.0,Product_50,254.70569112633092,8.0,2023-09-29 23:23:57.296620776,71313.0,West
7686.0,Product_57,337.4958853258101,,2023-09-28 03:39:52.490613264,29360.0,South
1124.0,Product_53,5.112383918036491,16.0,2023-11-29 13:34:37.096370460,57218.0,South
5485.0,Product_10,339.35074244153066,1.0,2023-08-02 15:53:23.504380476,85652.0,South
8737.0,Product_27,287.29203467203826,8.0,2023-08-11 07:37:46.332916144,54722.0,West
3547.0,Product_89,126.69448403423314,16.0,2023-07-05 10:00:09.011264078,99743.0,South
7305.0,Product_37,102.16567964397818,4.0,2023-08-27 06:18:28.385481852,74919.0,South
6213.0,Product_64,456.11289908892223,13.0,2023-04-19 10:12:45.957446808,70277.0,South
1570.0,Product_93,294.85404575268444,14.0,2023-04-07 03:00:13.516896120,14551.0,North
7622.0,Product_100,124.13190480479076,16.0,2023-07-22 06:32:53.466833540,76255.0,West
4561.0,Product_95,63.97463263804384,18.0,2023-12-04 02:54:49.111389236,45507.0,South
6570.0,Product_91,244.23067105833098,18.0,2023-06-23 02:47:36.570713390,84329.0,South
4226.0,Product_79,425.72986859908667,12.0,2023-04-04 09:24:06.307884855,38477.0,East
5637.0,Product_47,337.8300024293933,12.0,2023-01-13 07:12:32.440550688,73044.0,North
6634.0,Product_33,220.45482842999414,14.0,2023-11-26 09:02:28.685857320,15188.0,South
6698.0,Product_11,294.4897665963665,1.0,2023-08-22 16:58:16.370463076,24621.0,West
4700.0,Product_10,137.7463120337321,6.0,2023-01-05 13:20:12.015018773,48672.0,East
3044.0,Product_81,156.675647428763,17.0,2023-09-03 02:18:46.408010012,92410.0,West
3961.0,Product_16,310.4674424921849,14.0,2023-04-03 22:28:05.106382978,21353.0,East
4792.0,Product_88,31.646109829687244,17.0,2023-12-08 16:15:01.126408008,10453.0,East
3828.0,Product_98,240.1694870690502,17.0,2023-07-19 02:00:45.056320400,79468.0,
8002.0,Product_10,130.9682591510388,17.0,2023-03-14 10:27:11.038798498,84323.0,West
5482.0,Product_68,281.14746945173624,5.0,2023-06-27 16:07:48.585732164,32259.0,West
8299.0,Product_78,290.67295578201373,4.0,2023-08-28 15:06:31.989987484,36811.0,West
1002.0,Product_15,216.60579477468264,18.0,2023-01-23 18:41:00.075093867,61742.0,South
2695.0,Product_88,85.866545407218,1.0,2023-06-19 22:15:28.160200250,56691.0,West
8832.0,Product_25,204.3383418923073,16.0,2023-03-26 06:43:42.277847309,77838.0,North
8957.0,Product_20,206.26231599293877,17.0,2023-02-25 13:54:26.583229036,57663.0,South
1857.0,Product_57,333.59311505209894,1.0,2023-02-20 02:42:12.165206508,20367.0,East
5135.0,Product_95,411.14135431773605,10.0,2023-06-08 01:58:56.921151438,15147.0,North
1053.0,Product_61,368.4048732256149,10.0,2023-02-13 06:41:54.142678347,66677.0,West
6592.0,Product_78,53.71997360517753,15.0,2023-07-13 14:48:30.638297872,79603.0,East
2837.0,Product_81,365.74513695307047,13.0,2023-03-06 05:38:49.411764705,48090.0,West
5996.0,Product_16,437.0654136750039,14.0,2023-03-31 06:59:55.494367959,76060.0,West
5529.0,Product_72,346.2086539908317,16.0,2023-04-12 14:12:27.934918648,77847.0,East
1160.0,Product_23,339.79872859699844,16.0,2023-03-01 05:22:36.195244055,99126.0,East
3284.0,Product_80,258.0012510523028,8.0,2023-10-30 22:53:18.998748432,68773.0,
7049.0,Product_91,342.85753698974275,8.0,2023-10-15 00:12:36.946182728,55836.0,East
2719.0,Product_43,69.70507517692987,14.0,2023-09-27 16:43:51.289111388,49462.0,North
9002.0,Product_70,50.2538859494834,3.0,2023-08-24 12:42:21.176470588,46674.0,West
9469.0,Product_37,159.53391960171905,6.0,2023-09-30 10:19:58.498122652,44160.0,North
4645.0,Product_55,113.2633750087369,4.0,2023-02-10 13:05:46.933667083,54786.0,West
7928.0,Product_61,431.40193281728114,16.0,2023-10-18 15:40:46.558197744,86407.0,North
9100.0,Product_73,201.02047836087954,7.0,2023-08-03 02:49:24.705882352,25733.0,North
1917.0,Product_15,33.22832243179158,16.0,2023-04-08 11:48:17.121401752,22916.0,South
8260.0,Product_97,22.16298859190286,16.0,2023-01-07 20:00:18.022528160,42332.0,East
5134.0,Product_51,79.96553335800188,19.0,2023-05-18 13:58:02.853566958,69840.0,East
1861.0,Product_44,201.17474962161918,2.0,2023-05-17 05:09:59.249061326,81147.0,East
9039.0,Product_4,285.85851735725635,11.0,2023-08-15 10:01:57.146433040,34309.0,North
5143.0,Product_84,209.99982876675477,15.0,2023-06-12 15:19:08.936170212,11849.0,South
3710.0,Product_9,388.8751218759047,15.0,2023-11-10 21:17:47.834793488,87567.0,North
7328.0,Product_16,45.20866922930297,19.0,2023-01-17 20:32:44.455569461,98416.0,North
5620.0,Product_26,89.09410124343334,2.0,2023-07-03 14:16:04.205256570,27138.0,East
6951.0,Product_92,284.29474925884534,13.0,2023-01-24 16:33:02.478097622,91132.0,East
8647.0,Product_73,150.20994361329988,9.0,2023-02-26 22:42:30.187734668,34127.0,South
4357.0,,122.27737697887812,11.0,2023-07-16 08:24:37.847309136,31400.0,West
3541.0,Product_80,274.40738182254916,12.0,2023-11-12 17:01:52.640801000,90729.0,East
2319.0,Product_65,366.4597502898384,4.0,2023-04-15 18:44:36.345431790,70686.0,East
3679.0,Product_58,341.4501223325059,19.0,2023-01-06 22:08:15.619524405,61024.0,South
5478.0,Product_49,151.82317866776108,5.0,2023-07-02 16:24:01.802252814,20195.0,East
6578.0,Product_100,360.7654660647902,18.0,2023-12-06 09:34:55.118898620,19752.0,South
4216.0,Product_9,260.56023310284866,1.0,2023-05-28 14:30:29.286608260,68849.0,West
,Product_16,488.01051518172164,1.0,2023-11-13 03:57:53.842302876,38561.0,East
5647.0,Product_46,216.59593144251107,11.0,2023-09-30 21:15:59.699624528,16789.0,West
8446.0,Product_8,322.70066081671047,14.0,2023-07-10 10:16:22.227784730,78681.0,North
1165.0,Product_63,276.6920367635869,12.0,2023-03-18 01:55:20.650813516,73745.0,North
5143.0,Product_84,209.99982876675477,15.0,2023-06-12 15:19:08.936170212,11849.0,South
3964.0,Product_12,479.027664904931,1.0,2023-03-16 06:11:15.844806007,22161.0,South
8000.0,Product_68,289.6549838621133,17.0,2023-09-29 01:31:54.893617020,36287.0,East
4758.0,Product_98,449.0126682353835,,2023-10-05 21:32:12.916145180,63693.0,South
3925.0,Product_1,45.37958817762613,4.0,2023-09-05 08:58:52.415519396,85361.0,West
5624.0,Product_88,95.49262732691682,6.0,2023-10-06 19:24:15.319148936,81749.0,East
6695.0,Product_57,24.284133942489788,7.0,2023-12-09 14:07:03.529411764,97362.0,East
9095.0,Product_75,353.9952486450284,10.0,2023-10-23 15:56:59.774718396,16794.0,North
1249.0,Product_13,309.63328601131354,15.0,2023-09-04 22:02:51.214017520,19479.0,East
7615.0,Product_90,250.6384148409029,12.0,2023-08-20 21:14:11.564455568,68026.0,East
1307.0,Product_24,278.9685292238757,16.0,2023-08-10 20:41:45.131414268,31059.0,East
3581.0,Product_9,5.550486627112766,10.0,2023-03-03 01:06:41.001251564,81743.0,West
9281.0,Product_87,182.51768306702775,6.0,2023-04-18 23:16:44.755944930,99452.0,North
1067.0,Product_89,268.2765244199832,14.0,2023-03-23 02:11:33.867334167,68032.0,South
3032.0,Product_51,287.9457864940572,18.0,2023-06-15 08:55:16.145181476,30183.0,North
2546.0,Product_10,292.9596404734874,17.0,2023-05-08 13:25:36.420525656,37027.0,West
4435.0,Product_41,496.2947369801758,8.0,2023-07-21 19:36:52.265331664,70646.0,North
2756.0,Product_52,340.385173565969,13.0,2023-07-18 04:08:42.653316644,73644.0,East
6374.0,Product_74,96.7120409151023,12.0,2023-06-29 22:47:54.593241550,67184.0,West
1991.0,Product_21,123.94806610793154,3.0,2023-03-19 21:39:25.456821026,24345.0,East
1658.0,Product_17,443.6126238626906,10.0,2023-01-10 13:36:25.231539424,12581.0,North
8545.0,Product_71,94.48864952837788,16.0,2023-09-01 06:34:41.602002500,63803.0,West
4558.0,Product_19,356.1474668030712,12.0,2023-11-02 05:33:25.006257820,72370.0,West
9706.0,Product_50,493.7313984968752,4.0,2023-03-22 04:19:31.464330412,29950.0,East
6552.0,Product_42,138.0548194399481,19.0,2023-09-01 17:30:42.803504380,71108.0,South
2186.0,Product_86,448.80445594216,6.0,2023-08-26 19:22:27.183979972,81805.0,South
5405.0,Product_78,334.9283784630523,11.0,2023-06-18 13:27:24.555694618,60639.0,East
3604.0,Product_49,291.01448987428694,6.0,2023-01-21 01:04:52.866082603,36505.0,West
5686.0,Product_68,8.456219630772317,12.0,2023-12-20 01:35:31.163954940,67851.0,South
1406.0,Product_58,346.70980921586084,3.0,2023-10-14 02:20:34.543178972,45891.0,East
9378.0,Product_46,276.7102676618355,17.0,2023-10-29 14:05:15.394242800,42463.0,North
9383.0,Product_49,14.968235229898465,16.0,2023-09-11 07:07:08.035043804,98090.0,North
9849.0,Product_37,480.9012267228145,17.0,2023-11-07 16:45:39.424280348,69557.0,South
2094.0,Product_28,172.3517826362994,19.0,2023-05-09 11:17:38.823529410,19583.0,South
6884.0,Product_21,296.0558565845972,15.0,2023-09-04 00:10:48.811013764,47755.0,South
7548.0,Product_36,22.61716424920581,10.0,2023-12-07 07:26:57.521902376,52616.0,West
1615.0,Product_65,241.87154311016366,12.0,2023-02-14 04:33:56.545682102,83313.0,West
2474.0,Product_24,357.5078377108995,19.0,2023-03-13 12:35:08.635794743,71720.0,West
2857.0,Product_13,33.15629189993504,,2023-04-20 19:00:49.561952440,79351.0,East
1422.0,Product_17,317.53110893347144,3.0,2023-11-08 14:37:41.827284104,11906.0,South
7837.0,Product_90,102.141629769552,17.0,2023-04-04 20:20:07.509386733,34570.0,West
8082.0,Product_81,156.3432589364091,10.0,2023-03-25 19:47:41.076345431,99317.0,East
9954.0,Product_67,85.51710347721514,7.0,2023-05-10 20:05:42.428035042,22224.0,East
3148.0,Product_16,378.79114063537196,8.0,2023-05-20 20:38:08.861076344,49451.0,West
5922.0,Product_64,53.19661242665445,10.0,2023-12-18 16:47:27.559449308,45031.0,West
7460.0,Product_46,496.0215598831284,1.0,2023-01-30 03:45:16.896120150,50828.0,West
3505.0,Product_55,47.585917731306886,12.0,2023-04-08 00:52:15.919899874,64880.0,North
4792.0,Product_52,489.6800197748047,2.0,2023-02-02 19:13:26.508135169,66920.0,South
6450.0,Product_90,173.91600263007172,7.0,2023-12-10 22:55:07.133917396,91932.0,South
1529.0,Product_35,70.42893058816651,10.0,2023-06-03 01:42:43.704630788,42334.0,South
9728.0,Product_13,368.6311088517149,2.0,2023-08-21 19:06:13.967459324,50097.0,
9347.0,Product_10,92.65571642165847,3.0,2023-07-13 03:52:29.436795994,30104.0,North
7644.0,Product_18,259.6583572312476,19.0,2023-03-17 04:03:18.247809762,70924.0,East
5135.0,Product_95,411.14135431773605,10.0,2023-06-08 01:58:56.921151438,15147.0,North
6874.0,Product_45,256.9025646845907,18.0,2023-12-12 07:43:10.738423028,43688.0,West
3904.0,Product_24,272.9803383491819,2.0,2023-04-07 13:56:14.718397997,78359.0,East
5005.0,Product_62,301.6531470681624,18.0,2023-08-19 01:30:06.758448060,56660.0,West
4303.0,Product_73,347.5650237546737,10.0,2023-07-30 00:25:13.892365456,51846.0,West
1589.0,Product_76,35.903507002501264,14.0,2023-10-08 15:08:20.125156444,30390.0,East
5820.0,Product_2,473.25559047357166,18.0,2023-07-01 18:31:59.399249060,16073.0,East
5008.0,Product_30,152.1571661192566,17.0,2023-01-11 11:28:27.634543178,61638.0,North
2338.0,Product_50,377.9686947765004,11.0,2023-03-30 20:03:54.292866082,40766.0,East
2895.0,Product_36,340.47300439465363,9.0,2023-10-24 13:49:02.177722152,16749.0,North
2553.0,Product_76,431.4156145805555,6.0,2023-12-12 18:39:11.939924904,96840.0,North
9923.0,Product_49,155.17584409642092,6.0,2023-09-24 23:07:44.080100124,22305.0,North
7623.0,Product_33,5.015205828464296,5.0,2023-03-13 01:39:07.434292866,53678.0,North
6244.0,Product_65,60.73228093195126,10.0,,85839.0,North
9923.0,Product_59,494.26839201192314,18.0,2023-01-19 05:20:48.060075093,15666.0,South
3931.0,Product_19,422.72030855930984,4.0,2023-11-30 11:26:39.499374216,18123.0,West
9975.0,Product_68,224.87078640479143,2.0,2023-12-11 09:51:08.335419272,87707.0,West
1140.0,Product_4,414.62422850713943,2.0,2023-12-22 08:15:37.171464328,83705.0,North
5298.0,Product_12,466.21149964167154,19.0,2023-09-14 11:39:16.445556944,99787.0,South
3028.0,Product_80,188.26493191386547,17.0,2023-10-04 23:40:10.513141424,73248.0,West
3942.0,Product_33,289.8027906989038,7.0,2023-02-06 10:41:36.120150187,56705.0,West
3504.0,Product_60,384.1000287229473,8.0,2023-09-25 20:59:46.483103880,22404.0,South
7447.0,Product_52,378.5118337968396,18.0,2023-12-16 10:07:21.551939924,29252.0,East
8657.0,Product_35,243.23258585352232,12.0,2023-05-30 10:14:34.092615768,24650.0,North
5290.0,Product_83,284.1401855440337,11.0,2023-02-22 09:22:18.172715895,86325.0,South
3845.0,Product_43,28.362367340202603,18.0,2023-11-07 05:49:38.222778472,60390.0,West
2230.0,Product_44,325.8755670598838,10.0,2023-05-04 11:01:25.607008760,92867.0,East
4357.0,Product_95,122.27737697887812,11.0,2023-07-16 08:24:37.847309136,31400.0,West
2895.0,Product_36,340.47300439465363,9.0,2023-10-24 13:49:02.177722152,16749.0,North
2690.0,Product_93,34.510576045606214,7.0,2023-07-29 13:29:12.690863580,25043.0,East
5204.0,Product_15,336.8649952294742,9.0,2023-07-09 23:20:21.026282852,93049.0,West
8347.0,Product_67,34.81233772564724,5.0,2023-12-30 02:07:57.596996244,91103.0,North
2051.0,Product_24,182.11656842111856,19.0,2023-08-08 14:01:39.123904880,87597.0,South
3561.0,Product_49,276.3318753503709,7.0,2023-02-18 17:54:08.560700876,46701.0,South
7718.0,Product_16,151.43292826078533,18.0,2023-03-02 14:10:39.799749687,23303.0,South
3382.0,Product_33,148.27256320164653,1.0,2023-01-21 22:56:55.269086357,64387.0,North
2881.0,Product_56,383.02767332840864,12.0,2023-06-17 04:39:20.951188986,48563.0,East
9575.0,Product_81,413.05347138842797,14.0,2023-01-14 16:00:36.045056320,21814.0,North
2956.0,Product_22,425.30351987954464,5.0,2023-10-27 18:21:10.588235292,67676.0,East
5567.0,Product_74,134.35984385326498,9.0,2023-08-18 03:38:04.355444304,83548.0,South
6314.0,Product_86,277.51318189513165,10.0,2023-08-25 10:34:23.579474340,52498.0,East
9135.0,Product_11,200.98892696699517,19.0,2023-04-23 01:40:55.569461826,86000.0,West
8549.0,Product_85,471.31881864685477,15.0,2023-11-09 23:25:45.431789736,36140.0,West
,Product_2,120.7016920581884,10.0,2023-04-10 07:32:21.927409261,83927.0,South
7047.0,Product_25,52.007811238046365,11.0,2023-03-20 08:35:26.658322903,41819.0,East
4343.0,Product_41,301.68306389587195,4.0,2023-07-14 12:40:33.041301626,42317.0,East
5059.0,Product_30,400.3346112765351,12.0,2023-09-10 09:15:05.632040048,71991.0,North
4801.0,Product_10,216.06718661680316,18.0,2023-02-18 06:58:07.359198998,41932.0,West
7336.0,Product_34,274.45071937898894,2.0,2023-04-09 20:36:20.725907384,57636.0,South
3890.0,Product_97,346.09838860537366,15.0,2023-01-26 12:17:07.284105131,53539.0,West
2073.0,Product_54,437.15635777252567,15.0,2023-10-25 11:41:04.580725904,30608.0,North
2630.0,Product_70,117.25244953322462,17.0,2023-06-18 02:31:23.354192740,83169.0,West
1504.0,Product_14,198.99572865723496,12.0,2023-01-08 06:56:19.224030037,22467.0,North
6048.0,Product_92,403.06195466702263,2.0,2023-07-28 15:37:10.287859824,33525.0,South
7524.0,Product_54,129.89579438690072,17.0,2023-10-25 00:45:03.379224028,56531.0,East
5500.0,Product_11,138.23497764085644,13.0,2023-10-03 03:56:05.707133916,54247.0,West
2262.0,Product_95,85.15188828294579,15.0,2023-04-28 23:49:11.188986232,82233.0,East
7039.0,Product_69,161.04352015147816,7.0,2023-03-27 15:31:45.882352941,40461.0,North
1128.0,Product_36,217.68831486079824,8.0,2023-08-30 10:50:36.795994992,86298.0,East
9305.0,Product_25,305.5319640373706,12.0,2023-03-18 23:47:23.053817271,10229.0,East
7837.0,Product_33,119.95122199616485,18.0,2023-10-02 06:04:03.304130160,92597.0,North
3941.0,Product_55,98.9882879024804,4.0,2023-12-09 03:11:02.327909884,85432.0,North
9467.0,Product_27,261.6880358895383,12.0,2023-07-04 23:04:07.809762202,50164.0,East
4970.0,Product_64,288.2008670424921,8.0,2023-08-31 19:38:40.400500624,48445.0,South
4075.0,Product_2,187.72241593555623,,2023-11-13 14:53:55.043804752,60568.0,South
5586.0,Product_52,494.4760679453132,15.0,2023-12-15 01:19:17.947434292,23237.0,South
8984.0,Product_61,77.61408143751486,10.0,2023-10-13 15:24:33.341677096,75614.0,West
8185.0,Product_98,479.1832006634381,1.0,2023-06-13 02:15:10.137672090,78178.0,West
4406.0,Product_80,82.31974642564664,10.0,2023-01-18 18:24:46.858573216,42940.0,East
7587.0,Product_6,393.28070924033466,2.0,2023-06-11 17:27:06.533166458,77288.0,North
3985.0,Product_72,67.83748480871148,5.0,2023-07-04 01:12:05.406758446,54328.0,East
2273.0,Product_75,471.02974756550236,7.0,2023-08-23 03:54:17.571964956,86870.0,South
5988.0,Product_55,56.19988685593927,12.0,2023-03-10 18:59:01.426783479,72574.0,South
8143.0,Product_51,410.3402889076334,7.0,2023-12-21 10:23:34.768460572,98780.0,West
2117.0,Product_88,275.7297936128111,13.0,2023-07-18 15:04:43.854818522,90206.0,East
9080.0,Product_96,323.7585068265687,6.0,2023-06-03 23:34:46.107634542,32398.0,East
3402.0,Product_75,31.549221802811264,4.0,2023-10-26 09:33:06.983729660,79211.0,West
4340.0,Product_16,425.4759710817391,19.0,2023-02-12 08:49:51.739674593,36639.0,North
1314.0,Product_83,247.37381763585614,15.0,2023-07-11 08:08:24.630788484,40544.0,North
8962.0,Product_51,154.7208271434275,1.0,2023-10-11 19:40:28.535669584,26984.0,North
2788.0,Product_28,81.18045282341797,18.0,2023-01-04 15:28:09.612015018,76381.0,East
3854.0,Product_89,67.34782220778234,3.0,2023-02-02 08:17:25.306633291,93795.0,North
5589.0,Product_10,302.8943333029964,17.0,2023-05-08 02:29:35.219023778,55717.0,West
8579.0,Product_83,194.47812969950508,5.0,2023-06-23 13:43:37.772215268,11620.0,South
3418.0,Product_58,184.67650599991646,14.0,2023-11-04 12:13:31.013767208,77560.0,North
3105.0,Product_100,238.51121957162735,18.0,2023-08-10 09:45:43.929912388,71869.0,North
3440.0,Product_28,28.939541969146532,14.0,2023-06-07 15:02:55.719649560,60975.0,South
2251.0,Product_91,17.47355193642947,2.0,2023-08-12 16:25:49.937421776,15419.0,East
5917.0,Product_60,440.4027408723222,19.0,2023-08-04 22:33:29.511889860,75149.0,West
3430.0,Product_62,44.69244462199608,10.0,2023-05-22 05:26:12.465581976,44831.0,West
4854.0,Product_100,415.6335442631097,5.0,2023-11-01 18:37:23.804755944,10028.0,West
8331.0,Product_99,240.3604790402032,17.0,2023-10-27 07:25:09.386733416,66017.0,East
4183.0,Product_31,24.94133179510924,7.0,2023-05-27 16:38:26.883604504,27482.0,East
1365.0,Product_18,174.65180808681404,14.0,2023-03-08 01:22:54.217772215,66030.0,South
9411.0,Product_19,201.90775325990361,10.0,2023-06-22 04:55:34.167709636,76844.0,South
7974.0,Product_32,451.689621674784,12.0,2023-06-05 19:18:50.913642052,71715.0,West
6447.0,Product_41,279.5922426247654,11.0,2023-07-08 14:32:17.421777220,38036.0,East
2186.0,Product_86,448.80445594216,6.0,2023-08-26 19:22:27.183979972,81805.0,South
3566.0,Product_28,35.70819799624685,5.0,2023-04-27 15:01:07.584480600,37867.0,West
2776.0,Product_83,84.87684240224965,19.0,2023-01-02 19:44:04.806007509,33147.0,West
6054.0,Product_61,411.02539287772044,18.0,2023-11-21 19:42:16.670838548,96246.0,South
1650.0,Product_5,70.9389124476312,6.0,2023-03-28 02:27:47.083854818,30750.0,South
5500.0,Product_28,112.85623291523828,17.0,2023-03-03 22:58:43.404255319,45187.0,South
5804.0,,224.83126066877622,7.0,2023-03-22 15:15:32.665832290,25173.0,West
3875.0,Product_64,298.7633844388383,16.0,2023-03-05 07:46:47.008760951,11893.0,West
3763.0,Product_84,138.968751280974,7.0,2023-01-17 09:36:43.254067584,80601.0,West
8036.0,Product_17,,10.0,2023-09-24 12:11:42.878598248,77306.0,North
3891.0,Product_89,69.83200278211616,1.0,2023-02-11 10:57:49.336670838,40286.0,North
4672.0,Product_32,376.18066598769303,15.0,2023-08-30 21:46:37.997496868,69238.0,North
8117.0,Product_86,417.1428277964349,14.0,2023-07-28 04:41:09.086357946,74824.0,South
1990.0,Product_73,117.00485285157717,6.0,2023-02-08 06:25:40.926157697,78369.0,East
7582.0,Product_73,484.81429708066855,15.0,2023-04-26 17:09:05.181476846,48826.0,West
2015.0,Product_74,383.5022204405124,3.0,2023-10-13 04:28:32.140175216,59402.0,East
6710.0,Product_51,318.68724188393685,10.0,2023-03-04 20:50:45.807259073,81776.0,West
7033.0,Product_9,416.60157489055064,18.0,2023-03-09 10:10:57.822277847,46929.0,East
2001.0,Product_28,364.05894211625446,18.0,2023-11-05 10:05:33.416770960,64943.0,North
4177.0,Product_83,210.49709872640912,8.0,2023-11-19 23:58:11.864831036,45321.0,East
4915.0,Product_78,279.57007727024177,7.0,2023-06-10 08:39:02.928660824,50733.0,West
4575.0,Product_22,350.02696217212826,19.0,2023-11-04 01:17:29.812265328,57657.0,North
5939.0,Product_56,159.73602232960857,9.0,2023-09-22 05:31:36.871088860,45790.0,East
5920.0,Product_97,405.7891429516152,10.0,2023-05-30 21:10:35.294117646,56118.0,South
2635.0,Product_31,70.18501720092249,7.0,2023-10-23 05:00:58.573216520,55890.0,West
3104.0,Product_16,413.90201885140135,15.0,2023-01-13 18:08:33.642052565,89955.0,South
1776.0,Product_52,47.63540883652177,18.0,2023-06-01 16:54:40.100125156,61360.0,East
9210.0,Product_49,293.44365242561736,16.0,2023-03-24 10:59:37.471839799,24292.0,West
4318.0,Product_58,468.28893788303697,6.0,2023-05-29 12:22:31.689612014,51256.0,East
5627.0,Product_63,322.27793640888507,16.0,2023-04-16 16:36:38.748435544,35993.0,West
8587.0,Product_58,219.22188474920034,11.0,2023-05-19 00:54:04.055068836,69902.0,South
1226.0,Product_73,301.2886816427912,18.0,2023-06-12 04:23:07.734668334,68959.0,South
9263.0,Product_24,433.8794758521516,13.0,2023-07-29 02:33:11.489361700,67804.0,East
7782.0,Product_12,258.63444626239277,10.0,2023-12-04 13:50:50.312891112,33806.0,North
7009.0,Product_88,256.34012990334156,16.0,2023-11-16 19:26:03.454317896,26939.0,East
2448.0,Product_14,241.85307970305863,13.0,2023-04-06 16:04:12.315394242,73370.0,West
8609.0,Product_73,92.56399065787205,8.0,2023-03-21 17:23:30.262828535,75584.0,West
5460.0,Product_36,181.51510711317178,14.0,2023-03-13 23:31:09.837296620,66805.0,East
3017.0,Product_90,88.06822484478417,1.0,2023-12-01 09:18:41.902377972,34074.0,West
4940.0,Product_39,350.42722882505916,17.0,2023-02-27 20:34:32.590738423,47500.0,South
6314.0,Product_86,277.51318189513165,10.0,2023-08-25 10:34:23.579474340,52498.0,East
2695.0,Product_88,85.866545407218,1.0,2023-06-19 22:15:28.160200250,56691.0,West
9102.0,Product_90,171.0089450776439,8.0,2023-07-12 16:56:28.235294116,67705.0,West
3735.0,Product_43,365.82490405205283,13.0,2023-03-11 16:51:03.829787234,24016.0,South
9519.0,Product_38,208.34046094980783,18.0,2023-07-10 21:12:23.429286608,37818.0,South
3789.0,Product_19,352.54318978632733,8.0,2023-04-21 16:52:51.964956194,80309.0,South
8381.0,Product_3,497.19349982942884,15.0,2023-12-07 18:22:58.723404252,62127.0,West
1910.0,Product_61,474.7454301882657,5.0,2023-07-07 05:44:13.817271588,34845.0,South
5512.0,Product_75,416.15826641373667,12.0,2023-07-23 04:24:55.869837296,36498.0,East
,Product_64,289.9187471768406,12.0,2023-08-09 11:53:41.526908636,88209.0,East
9551.0,Product_60,252.52883829958793,2.0,2023-09-19 22:51:30.863579472,20100.0,South
9775.0,Product_68,290.6058981467525,18.0,2023-05-14 00:37:50.838548184,83474.0,South
4416.0,Product_67,27.564653184591055,12.0,2023-07-01 07:35:58.197747182,21110.0,West
5287.0,Product_88,361.4779431608154,18.0,2023-09-15 09:31:18.848560700,50736.0,West
6313.0,Product_80,304.1349262089583,,2023-10-31 09:49:20.200250312,43123.0,North
7059.0,Product_9,362.4227017808737,7.0,2023-05-27 05:42:25.682102628,94361.0,North
1572.0,Product_1,166.83580704665425,17.0,2023-03-25 08:51:39.874843554,54377.0,East
8226.0,Product_68,308.750761979745,3.0,2023-04-13 23:00:31.539424280,68865.0,West
4155.0,Product_52,278.421238219531,,2023-05-12 15:49:47.234042552,88572.0,East
7855.0,Product_100,289.06359559016266,8.0,2023-06-26 07:19:44.981226532,65856.0,West
8701.0,Product_50,231.72416520901496,9.0,2023-11-23 04:30:20.275344180,70663.0,South
7457.0,Product_29,130.24803875552533,14.0,2023-01-31 23:29:21.702127659,60341.0,West
3971.0,Product_81,372.43465458603885,15.0,2023-11-30 22:22:40.700876092,,North
6457.0,Product_22,295.37883955041303,11.0,2023-05-21 07:34:10.062578222,59103.0,South
6866.0,Product_52,192.0304107949574,3.0,2023-04-27 04:05:06.382978722,99051.0,South
1922.0,Product_76,173.77449286060136,14.0,2023-02-24 16:02:24.180225281,65182.0,North
8658.0,Product_7,377.15344724855714,9.0,2023-10-20 22:20:52.565707132,29665.0,East
7033.0,Product_9,416.60157489055064,18.0,2023-03-09 10:10:57.822277847,46929.0,East
1808.0,Product_87,326.12982137803397,6.0,2023-11-22 06:38:17.872340424,97755.0,West
9263.0,Product_17,439.6265888580062,16.0,2023-06-27 05:11:47.384230286,65809.0,East
3679.0,Product_58,341.4501223325059,19.0,2023-01-06 22:08:15.619524405,61024.0,South
8129.0,Product_10,467.691308166709,16.0,2023-04-24 21:25:00.375469336,20750.0,East
8119.0,Product_44,206.85012703105053,19.0,2023-11-06 07:57:35.819774716,92674.0,East
8389.0,Product_96,235.7598876081407,19.0,2023-04-17 03:32:39.949937422,40492.0,West
1627.0,Product_48,103.32906556421587,11.0,2023-09-02 04:26:44.005006256,12013.0,North
9690.0,Product_28,474.89018759158034,5.0,2023-08-04 11:37:28.310387984,33840.0,South
8431.0,Product_78,223.80654336090615,14.0,2023-05-04 00:05:24.405506882,87225.0,North
8384.0,Product_31,472.7869119673815,9.0,2023-10-14 13:16:35.744680848,49832.0,West
2252.0,Product_73,96.49500698377734,18.0,2023-06-15 19:51:17.346683354,11132.0,North
1974.0,Product_33,90.05558287704093,12.0,2023-09-06 06:50:54.818523152,45694.0,North
4358.0,Product_56,8.199857105906723,16.0,2023-08-20 10:18:10.362953692,13895.0,South
1310.0,Product_25,119.38502217287562,19.0,2023-09-17 05:15:23.654568208,84094.0,North
2289.0,Product_30,470.73568393180614,14.0,2023-05-24 23:02:19.674593240,60755.0,West
9301.0,Product_61,285.0960273550571,17.0,2023-05-16 07:17:56.846057572,15077.0,South
3466.0,Product_52,159.8951762742672,19.0,2023-10-22 07:08:56.170212764,56451.0,North
3843.0,Product_64,438.5729378749478,19.0,2023-12-27 08:31:50.387984980,90378.0,West
4096.0,Product_73,363.394448442596,10.0,,78322.0,West
7519.0,Product_7,333.25739324272837,18.0,2023-11-19 02:06:09.461827284,22666.0,North
4558.0,Product_89,421.8718614419386,13.0,2023-07-02 05:28:00.600750938,90818.0,West
1165.0,Product_63,276.6920367635869,12.0,2023-03-18 01:55:20.650813516,73745.0,North
6021.0,Product_41,129.18515444589661,7.0,2023-04-25 08:21:01.576971214,63463.0,North
2996.0,Product_3,75.56549474139221,13.0,2023-07-07 16:40:15.018773466,99846.0,North
2003.0,Product_4,406.91338614575227,17.0,2023-10-21 09:16:53.767209008,80246.0,East
4217.0,Product_57,440.5577402298722,7.0,2023-11-15 21:34:01.051314140,96394.0,East
6316.0,Product_66,341.1854713181836,11.0,2023-11-08 03:41:40.625782224,75054.0,East
8427.0,Product_72,294.8659035169432,8.0,2023-04-09 09:40:19.524405506,51445.0,South
2404.0,Product_83,152.54276957915206,16.0,2023-12-31 00:00:00.000000000,99367.0,North
8678.0,Product_9,16.853401308889328,10.0,2023-08-22 06:02:15.168961200,25332.0,South
2848.0,Product_69,116.20541183267447,12.0,2023-07-23 15:20:57.071339172,75522.0,South
5066.0,Product_100,443.75827917027016,12.0,2023-11-06 18:53:37.021276592,35345.0,North
4103.0,Product_97,224.07578623674362,10.0,,35251.0,South
4539.0,Product_90,17.716374210357046,4.0,2023-04-02 13:40:01.501877346,92357.0,East
,Product_47,16.16943329414688,17.0,2023-08-27 17:14:29.586983728,64469.0,South
5594.0,Product_62,285.04375055357815,10.0,2023-03-16 17:07:17.046307884,30689.0,South
7773.0,Product_84,350.09602760830035,8.0,2023-01-08 17:52:20.425531914,51025.0,South
8192.0,Product_38,261.44836152997067,4.0,2023-09-06 17:46:56.020025028,91171.0,North
2874.0,Product_89,336.263419812809,,2023-08-07 05:13:35.519399248,96489.0,West
4163.0,Product_20,342.8535674711722,11.0,2023-02-05 23:45:34.918648310,95781.0,South
7982.0,Product_83,57.21429659321266,4.0,2023-04-08 22:44:18.322903629,90703.0,East
7129.0,Product_37,42.99524063492532,10.0,2023-07-09 01:28:18.623279098,70752.0,South
5471.0,Product_74,120.61584372896243,17.0,2023-12-24 03:59:41.977471836,58893.0,West
4414.0,Product_80,58.48205689132152,1.0,2023-04-06 05:08:11.113892365,48104.0,East
2036.0,Product_94,44.904625558952866,9.0,2023-05-19 22:46:06.458072590,30002.0,North
4805.0,Product_74,35.415913614739814,12.0,2023-05-04 21:57:26.808510638,47528.0,East
8357.0,Product_70,142.14927860813282,12.0,2023-05-24 12:06:18.473091364,71554.0,South
8374.0,Product_66,78.87848752202959,1.0,2023-01-05 02:24:10.813516896,73749.0,West
3915.0,Product_30,459.04769295595196,1.0,2023-02-25 02:58:25.381727159,42991.0,South
4722.0,Product_54,213.98515577093565,2.0,2023-11-20 10:54:13.066332916,11779.0,North
1089.0,Product_18,149.22373105468353,10.0,2023-12-25 23:43:46.783479348,98534.0,South
2625.0,Product_60,108.79668732794943,7.0,2023-09-23 03:23:39.274092616,86448.0,South
7169.0,Product_12,169.15034030837782,3.0,2023-10-15 11:08:38.147684604,83953.0,East
6850.0,Product_51,7.072784595839144,13.0,2023-07-09 12:24:19.824780976,84233.0,North
1464.0,Product_70,210.33869948306923,10.0,2023-05-02 15:17:20.801001250,89732.0,East
6918.0,Product_93,53.51380396646683,3.0,2023-06-29 00:55:52.190237796,41629.0,South
1725.0,Product_2,212.39003802086458,9.0,2023-11-22 17:34:19.073842300,15057.0,West
2925.0,Product_25,141.58173371837069,1.0,2023-02-07 08:33:38.523153942,36756.0,South
3690.0,Product_97,99.01838754649265,2.0,2023-04-17 14:28:41.151439298,30981.0,East
4882.0,Product_86,229.82091305466952,11.0,2023-04-23 23:32:57.972465582,31576.0,West
9684.0,Product_59,70.83985045912775,9.0,2023-08-03 13:45:25.907384228,47420.0,North
3153.0,Product_85,32.009877099935984,1.0,2023-06-04 21:26:48.510638296,22191.0,South
4176.0,Product_94,372.4243391648819,12.0,2023-08-12 05:29:48.735919900,25078.0,North
7646.0,Product_65,341.1379692253405,13.0,2023-09-14 00:43:15.244055068,87990.0,North
9442.0,Product_58,381.27966024612874,3.0,2023-01-04 04:32:08.410513141,78931.0,West
5621.0,,476.4314424373687,19.0,2023-10-19 13:32:48.961201500,25791.0,South
9090.0,Product_79,354.6541384209481,19.0,2023-12-19 03:43:28.760951188,52929.0,South
7049.0,Product_91,342.85753698974275,8.0,2023-10-15 00:12:36.946182728,55836.0,East
6558.0,Product_38,272.85134331502815,5.0,2023-06-13 13:11:11.339173966,77136.0,East
7065.0,Product_39,203.7235806490764,3.0,2023-05-09 00:21:37.622027534,96551.0,North
3341.0,Product_30,279.7912244428283,16.0,2023-09-03 13:14:47.609511888,63502.0,West
7251.0,Product_73,381.20274475623876,,2023-09-21 18:35:35.669586984,38804.0,East
5906.0,Product_86,393.60664091798344,7.0,2023-11-20 21:50:14.267834792,23186.0,South
8124.0,Product_85,414.0387014203424,10.0,2023-06-08 12:54:58.122653316,60508.0,North
9479.0,Product_42,262.6691994659049,10.0,2023-11-14 23:41:58.648310384,47146.0,South
1717.0,Product_81,218.1152313519533,12.0,2023-12-03 15:58:47.909887356,35988.0,South
6626.0,Product_23,426.03439136748244,1.0,2023-01-25 03:29:03.679599499,13880.0,East
1165.0,Product_73,191.45483801258393,7.0,2023-10-07 17:16:17.722152688,25605.0,West
5749.0,Product_99,25.581585124063913,13.0,2023-04-11 16:20:25.531914893,61134.0,East
5478.0,Product_96,497.80660574289044,4.0,2023-03-24 00:03:36.270337922,81356.0,East
2719.0,Product_43,69.70507517692987,14.0,2023-09-27 16:43:51.289111388,49462.0,North
7026.0,Product_63,44.24374089243992,12.0,2023-05-15 20:21:55.644555694,80871.0,West
2789.0,Product_79,5.295979723223677,4.0,2023-12-22 19:11:38.372966204,67894.0,West
7982.0,Product_83,57.21429659321266,4.0,2023-04-08 22:44:18.322903629,90703.0,East
9566.0,Product_23,157.3465981201088,14.0,2023-04-13 12:04:30.337922402,54333.0,East
9307.0,Product_54,190.53833755324885,12.0,2023-12-05 11:42:52.715894868,27043.0,North
5478.0,Product_96,497.80660574289044,4.0,2023-03-24 00:03:36.270337922,81356.0,East
9026.0,Product_62,280.31439285185576,1.0,2023-01-27 10:09:09.687108886,97985.0,South
6509.0,Product_96,34.495613189806136,14.0,2023-06-16 06:47:18.548185230,48259.0,South
4504.0,Product_12,197.4195421988906,17.0,2023-03-19 10:43:24.255319148,58542.0,East
5006.0,Product_17,208.28790334009,13.0,2023-09-22 16:27:38.072590736,40988.0,West
4719.0,Product_8,370.28571896180813,14.0,2023-01-16 00:48:39.649561952,67836.0,East
6944.0,Product_22,464.78547717355497,16.0,2023-02-14 15:29:57.747183979,28316.0,North
4262.0,Product_43,105.1355048333108,13.0,2023-06-20 20:07:30.563204004,56694.0,South
1464.0,Product_67,124.37678108234216,7.0,2023-12-23 17:03:40.775969960,24591.0,South
1307.0,Product_95,324.5582298065769,11.0,2023-06-30 20:39:56.996245306,95945.0,West
9960.0,Product_23,341.4184252855961,8.0,2023-03-01 16:18:37.396745932,57997.0,East
2657.0,Product_61,10.30407235920268,13.0,2023-11-12 06:05:51.439299120,91218.0,East
6876.0,Product_5,374.80374222886934,2.0,2023-02-10 02:09:45.732165206,83181.0,East
6074.0,Product_53,304.1578632588117,8.0,2023-06-16 17:43:19.749687108,73668.0,East
6395.0,Product_59,337.89109502345633,16.0,2023-03-26 17:39:43.479349186,77819.0,North
7992.0,Product_48,41.00379915044086,8.0,2023-07-19 23:52:47.459324154,55809.0,North
6741.0,Product_99,318.0361469504267,16.0,2023-03-28 13:23:48.285356695,98719.0,East
4871.0,,170.42539351568942,5.0,2023-07-26 08:57:04.280350436,41673.0,East
7263.0,Product_51,30.319351782096824,4.0,2023-06-21 17:59:32.966207758,89910.0,South
8485.0,Product_75,29.956302933093554,10.0,2023-02-21 00:34:14.568210262,56505.0,
2447.0,Product_23,66.55119150828082,16.0,2023-05-25 09:58:20.876095118,27706.0,North
8504.0,Product_91,473.1461026018354,2.0,2023-10-21 20:12:54.968710888,75864.0,West
3259.0,Product_47,61.997358305624566,6.0,2023-05-01 17:25:18.397997496,30269.0,North
6634.0,Product_33,220.45482842999414,14.0,2023-11-26 09:02:28.685857320,15188.0,South
4932.0,Product_3,114.2222745127655,7.0,2023-09-18 14:03:27.259073840,47387.0,East
9430.0,Product_43,493.51349296720724,6.0,2023-12-15 23:11:20.350438044,91787.0,West
8605.0,Product_88,339.45313659250115,16.0,2023-04-22 14:44:54.367959950,40733.0,West
9799.0,Product_27,332.6081196314291,18.0,2023-03-04 09:54:44.605757196,75034.0,West
4968.0,Product_1,343.73555321804565,15.0,2023-07-06 18:48:12.615769710,59692.0,East
1807.0,Product_37,419.0388852725855,7.0,2023-10-29 03:09:14.192740924,60468.0,East
7543.0,Product_58,453.12300451020513,6.0,2023-12-27 19:27:51.589486856,33519.0,North
6956.0,Product_23,279.99703709338183,5.0,2023-12-25 12:47:45.581977468,53822.0,East
5735.0,Product_27,64.62143329829988,5.0,2023-04-25 19:17:02.778473090,36572.0,North
1757.0,Product_85,233.14467741225803,4.0,2023-10-31 20:45:21.401752188,19718.0,North
4129.0,Product_68,194.1590400421218,5.0,2023-07-08 03:36:16.220275342,40562.0,West
7094.0,Product_97,301.73326413106474,18.0,2023-06-05 08:22:49.712140174,28051.0,South
9181.0,Product_51,433.7202649620282,9.0,2023-01-21 12:00:54.067584480,46713.0,South
4962.0,Product_9,299.70635322765196,12.0,2023-11-19 13:02:10.663329160,72119.0,West
8069.0,Product_27,437.7821303978549,10.0,2023-07-22 17:28:54.668335418,10074.0,South
2096.0,Product_1,238.46649792154471,16.0,2023-08-24 01:46:19.974968708,50502.0,East
7320.0,Product_71,84.92162786179884,4.0,2023-08-09 22:49:42.728410512,71954.0,West
1975.0,Product_65,172.9561073182359,5.0,2023-04-28 01:57:08.785982478,70231.0,North
5383.0,Product_89,224.3016846371216,2.0,2023-04-03 11:32:03.904881101,13749.0,South
8243.0,Product_61,29.103949957965234,19.0,2023-06-28 13:59:50.988735918,43005.0,East
4176.0,Product_94,372.4243391648819,12.0,2023-08-12 05:29:48.735919900,25078.0,North
5131.0,Product_33,470.086451567457,2.0,2023-05-20 09:42:07.659574468,60711.0,West
6904.0,Product_65,423.8314842124646,10.0,2023-10-06 08:28:14.117647056,29641.0,East
6944.0,Product_22,464.78547717355497,16.0,2023-02-14 15:29:57.747183979,28316.0,North
5485.0,Product_32,257.73235232060927,13.0,2023-10-16 19:56:41.752190236,47921.0,South
1886.0,Product_83,365.6848606971183,6.0,2023-07-14 23:36:34.242803504,41416.0,East
4129.0,Product_68,194.1590400421218,5.0,2023-07-08 03:36:16.220275342,40562.0,West
9378.0,Product_21,9.905794268121053,19.0,2023-12-13 16:31:14.342928660,17957.0,South
4719.0,Product_8,370.28571896180813,14.0,2023-01-16 00:48:39.649561952,67836.0,East
6991.0,Product_78,496.32798876644284,2.0,2023-01-18 07:28:45.657071339,13407.0,South
7265.0,Product_84,372.278976109423,10.0,2023-10-24 02:53:00.976220272,42888.0,South
1896.0,Product_81,107.37485710103115,5.0,2023-09-29 12:27:56.095118896,75472.0,West
2574.0,Product_58,223.70768387696754,4.0,2023-06-19 11:19:26.958698372,11044.0,East
9467.0,Product_27,261.6880358895383,12.0,2023-07-04 23:04:07.809762202,50164.0,East
7419.0,Product_54,407.79305514250257,6.0,2023-05-05 08:53:28.010012514,88972.0,South
5886.0,Product_27,482.8248481970479,11.0,2023-02-20 13:38:13.366708385,75030.0,North
1336.0,Product_18,182.2791596819265,8.0,2023-07-05 20:56:10.212765956,64659.0,South
7531.0,Product_70,43.20782746210164,12.0,2023-07-03 03:20:03.003754692,11537.0,East
7078.0,Product_61,324.57327564391375,10.0,2023-09-24 01:15:41.677096368,97904.0,North
3850.0,Product_94,47.10291081717435,17.0,2023-03-17 14:59:19.449311639,84308.0,South
6167.0,Product_56,150.563393777505,16.0,2023-01-30 14:41:18.097622027,79526.0,North
4816.0,Product_15,100.75049476345887,16.0,2023-01-09 04:48:21.627033792,23107.0,East
7953.0,Product_7,79.95899561313183,9.0,2023-05-07 04:37:32.816020024,79206.0,East
1071.0,Product_15,405.3690301283836,6.0,2023-10-10 21:48:26.132665832,81218.0,North
7416.0,Product_18,276.55126545207077,14.0,2023-07-31 09:13:17.496871088,63028.0,East
3587.0,,291.3537915735184,7.0,2023-03-29 11:15:50.688360450,79263.0,West
2724.0,Product_49,478.57661477522817,16.0,2023-07-14 01:44:31.839799748,69025.0,East
9039.0,Product_4,285.85851735725635,11.0,2023-08-15 10:01:57.146433040,34309.0,North
7995.0,Product_91,431.524117926055,9.0,2023-08-28 04:10:30.788485604,27194.0,East
4875.0,Product_24,169.01934827447693,7.0,2023-04-22 03:48:53.166458072,22446.0,North
6162.0,Product_14,449.4779702546498,12.0,2023-04-14 09:56:32.740926157,89096.0,West
8542.0,Product_71,316.8960977965234,8.0,2023-05-23 03:18:14.868585732,90632.0,East
5334.0,Product_71,290.55619464904817,16.0,2023-02-21 22:26:16.971214017,95178.0,North
2806.0,Product_13,366.7808211591994,3.0,2023-07-26 19:53:05.481852314,40974.0,West
1757.0,Product_85,233.14467741225803,4.0,2023-10-31 20:45:21.401752188,19718.0,North
7799.0,Product_21,233.06313211962856,12.0,2023-12-14 14:23:16.745932412,65982.0,West
1890.0,Product_36,488.3977065448376,5.0,2023-09-23 14:19:40.475594492,48506.0,North
8692.0,Product_83,112.08472492725939,10.0,2023-06-06 17:10:53.316645806,75140.0,West
1307.0,,324.5582298065769,11.0,2023-06-30 20:39:56.996245306,95945.0,West
7327.0,Product_64,15.922743597733968,17.0,2023-05-31 19:02:37.697121400,95707.0,South
2657.0,Product_61,10.30407235920268,13.0,2023-11-12 06:05:51.439299120,91218.0,East
2620.0,Product_59,59.74878144221462,2.0,2023-12-06 20:30:56.320400500,78993.0,East
3387.0,Product_60,294.3488410634318,11.0,2023-04-26 06:13:03.979974968,27948.0,West
6737.0,Product_77,223.1291172950253,15.0,2023-11-15 10:37:59.849812264,50297.0,North
4435.0,Product_41,496.2947369801758,8.0,2023-07-21 19:36:52.265331664,70646.0,North
3059.0,Product_53,171.97865137865392,13.0,2023-12-21 21:19:35.969962452,67196.0,West
5774.0,Product_52,194.6916061438896,16.0,2023-06-06 06:14:52.115143928,20737.0,West
7324.0,Product_21,475.5137463724324,6.0,2023-05-31 08:06:36.495619524,38930.0,East
3979.0,Product_54,494.8051400252396,9.0,2023-07-06 07:52:11.414267834,96155.0,South
8382.0,Product_10,498.8859475600493,6.0,2023-04-29 21:41:13.591989986,22963.0,North
1808.0,Product_87,326.12982137803397,6.0,2023-11-22 06:38:17.872340424,97755.0,West
9622.0,Product_82,244.1998775583404,14.0,2023-12-15 12:15:19.148936168,61586.0,South
8031.0,Product_47,67.14714599974616,12.0,2023-04-05 07:16:08.710888610,96373.0,West
4612.0,Product_83,339.8594560126992,7.0,2023-02-04 14:57:31.314142678,36183.0,East
9432.0,Product_55,339.4154529158822,6.0,2023-12-11 20:47:09.536921148,99647.0,West
1249.0,Product_75,383.85486510973016,16.0,2023-01-31 12:33:20.500625782,63997.0,East
1687.0,Product_96,143.7657025129492,19.0,2023-06-02 14:46:42.503128910,26559.0,North
6330.0,Product_54,338.5502546436523,1.0,2023-02-03 06:09:27.709637046,95326.0,East
4136.0,Product_13,292.4193868252689,6.0,2023-05-29 01:26:30.488110136,84854.0,West
7410.0,Product_48,27.27342651153506,15.0,2023-02-12 19:45:52.941176470,27205.0,South
3575.0,Product_15,173.9527297452758,19.0,2023-02-13 17:37:55.344180225,42930.0,East
8347.0,Product_49,231.96668828257262,17.0,2023-09-12 15:55:11.639549436,52879.0,North
8850.0,Product_46,210.83019116911345,16.0,2023-07-30 22:17:16.295369212,60227.0,North
8972.0,Product_76,436.5969653338502,4.0,2023-05-13 13:41:49.637046308,87928.0,West
3462.0,Product_86,429.3293139980466,13.0,2023-10-12 17:32:30.938673340,11524.0,East
6630.0,Product_82,203.34856258306098,11.0,2023-05-01 06:29:17.196495618,76617.0,South
3230.0,Product_69,300.48788558952043,2.0,2023-08-29 12:58:34.392991236,53723.0,East
1183.0,Product_81,259.28538833157586,15.0,2023-08-19 12:26:07.959949936,60281.0,East
9790.0,Product_48,32.09268992786801,12.0,2023-11-27 17:50:32.290362952,84400.0,West
4164.0,Product_72,181.8102053265572,13.0,2023-11-14 01:49:56.245306632,83302.0,West
4516.0,Product_8,304.9684987991576,10.0,2023-02-11 21:53:50.538172715,25994.0,West
5780.0,Product_49,488.75356662039144,17.0,2023-01-19 16:16:49.261576971,47122.0,South
2106.0,Product_92,113.71928965431167,14.0,2023-11-29 02:38:35.894868584,15796.0,North
5670.0,Product_53,121.2034387538608,17.0,2023-12-20 23:27:33.566958696,75867.0,South
3053.0,Product_43,175.32535083547384,1.0,2023-11-14 12:45:57.446808508,39504.0,East
1090.0,Product_33,326.44251601712807,12.0,2023-09-09 11:23:03.229036292,20450.0,North
9995.0,Product_57,120.49974721141669,10.0,2023-02-09 04:17:43.329161451,19589.0,North
6054.0,Product_61,411.02539287772044,18.0,2023-11-21 19:42:16.670838548,96246.0,South
3618.0,Product_99,159.4717021027502,13.0,2023-10-17 17:48:44.155193992,28562.0,South
8036.0,Product_17,467.59922095418017,10.0,2023-09-24 12:11:42.878598248,77306.0,North
6901.0,Product_95,249.01370096965073,4.0,2023-12-28 06:23:52.790988732,27393.0,West
3725.0,Product_57,252.63787492784135,6.0,2023-02-22 20:18:19.374217772,45268.0,East
8871.0,Product_88,424.20917609233163,9.0,2023-02-03 17:05:28.911138923,85515.0,North
4109.0,Product_19,413.836492732258,8.0,2023-06-10 19:35:04.130162702,94003.0,North
4907.0,Product_27,88.29790131131784,18.0,2023-10-28 16:13:12.991239048,64401.0,West
6518.0,Product_6,193.57116328662013,7.0,2023-06-04 10:30:47.309136420,86230.0,South
3103.0,Product_65,280.5063221085659,9.0,2023-03-07 14:26:53.016270338,69412.0,East
5182.0,Product_47,445.875935453612,7.0,2023-08-29 02:02:33.191489360,82377.0,West
7079.0,Product_59,311.59803483641844,6.0,2023-01-22 20:48:57.672090112,83282.0,West
3330.0,Product_69,176.06189500605245,3.0,2023-12-19 14:39:29.962453064,75747.0,North
3761.0,Product_38,392.30077704533,4.0,2023-07-21 08:40:51.063829786,33723.0,South
6898.0,Product_50,123.33786011713968,5.0,2023-09-20 20:43:33.266583228,17856.0,North
4278.0,Product_82,18.786859206431828,2.0,2023-02-17 09:06:04.956195244,94627.0,South
5434.0,Product_33,133.61492828044823,4.0,2023-01-10 02:40:24.030037546,53481.0,North
2881.0,Product_83,390.13292170918356,2.0,,14792.0,East
2258.0,Product_64,52.83919297243738,3.0,2023-03-21 06:27:29.061326658,92421.0,North
7289.0,Product_53,402.1860351240481,2.0,2023-10-18 04:44:45.356695868,74510.0,West
7653.0,Product_70,91.33258722019225,17.0,2023-08-23 14:50:18.773466832,28174.0,North
6660.0,Product_99,437.4411717249216,14.0,2023-03-23 13:07:35.068836045,38036.0,East
6462.0,Product_71,205.6842984438817,9.0,2023-05-28 03:34:28.085106382,64225.0,West
3851.0,Product_35,191.5491057718583,13.0,2023-12-26 21:35:49.186483100,70091.0,North
4806.0,Product_50,482.9912927570662,17.0,2023-09-26 18:51:48.886107632,75305.0,West
6831.0,Product_3,453.9857704054358,10.0,2023-08-05 09:29:30.713391740,31058.0,East
2812.0,Product_98,347.715381546435,7.0,2023-02-08 17:21:42.127659574,80821.0,North
4748.0,Product_85,473.2326987958828,11.0,2023-03-02 03:14:38.598247809,17170.0,North
2338.0,Product_50,377.9686947765004,11.0,2023-03-30 20:03:54.292866082,40766.0,East
2093.0,Product_13,139.61750690210835,13.0,2023-03-03 12:02:42.202753441,87852.0,North
1497.0,Product_31,399.7694524217605,16.0,2023-07-17 17:12:41.451814768,59833.0,West
6388.0,Product_92,223.8429821664614,14.0,2023-01-01 00:00:00.000000000,51269.0,South
2449.0,Product_80,205.63605352024192,1.0,2023-10-02 17:00:04.505632040,75641.0,South
4199.0,Product_32,438.1911412174703,18.0,2023-05-25 20:54:22.077596996,32340.0,South
9430.0,Product_43,493.51349296720724,6.0,2023-12-15 23:11:20.350438044,91787.0,West
2630.0,Product_70,117.25244953322462,17.0,2023-06-18 02:31:23.354192740,83169.0,West
3607.0,Product_96,201.5111202926997,13.0,2023-01-15 02:56:37.246558197,20024.0,West
2716.0,Product_65,29.364352697676996,4.0,2023-09-16 18:19:22.453066332,57058.0,North
5994.0,Product_62,118.84690821180405,7.0,2023-01-11 22:24:28.836045056,18418.0,East
2587.0,Product_50,366.00835123621704,9.0,2023-09-28 14:35:53.692115144,95657.0,South
6918.0,Product_93,53.51380396646683,3.0,2023-06-29 00:55:52.190237796,41629.0,South
3863.0,Product_86,246.64794927885293,14.0,2023-08-17 05:46:01.952440548,38718.0,North
4961.0,Product_76,392.0360019334604,19.0,2023-09-25 10:03:45.281602000,19969.0,East
8323.0,Product_90,352.3604455692423,12.0,2023-04-18 01:24:42.352941176,34143.0,East
5552.0,Product_30,491.45607275064106,18.0,2023-11-17 17:18:05.857321648,54460.0,South
3581.0,Product_3,183.43488004506918,14.0,2023-01-16 11:44:40.851063829,17435.0,North
5117.0,Product_24,392.77667389794,1.0,2023-10-04 01:48:08.110137672,,East
5624.0,Product_88,95.49262732691682,6.0,2023-10-06 19:24:15.319148936,81749.0,East
1206.0,Product_63,405.91258804993515,8.0,2023-04-14 20:52:33.942428034,59756.0,East
1670.0,Product_15,410.09831026586994,13.0,2023-01-28 18:57:13.291614518,60726.0,West
6043.0,Product_65,48.45517734378918,16.0,2023-09-05 19:54:53.617021276,31304.0,East
8755.0,Product_36,147.65134034996709,10.0,2023-08-19 23:22:09.161451812,10767.0,East
5891.0,Product_29,399.14058668091167,3.0,2023-08-15 20:57:58.347934916,76344.0,North
1016.0,Product_17,157.37047926292897,10.0,2023-12-23 06:07:39.574468084,97640.0,South
5234.0,Product_13,208.59546617278448,12.0,2023-01-12 09:20:30.037546933,39113.0,North
1383.0,Product_5,445.7402388233567,5.0,2023-02-21 11:30:15.769712140,43332.0,South
9378.0,Product_21,9.905794268121053,19.0,2023-12-13 16:31:14.342928660,17957.0,South
7838.0,Product_19,68.52130178343845,16.0,2023-03-29 00:19:49.486858573,19472.0,South
3696.0,Product_57,202.6696271986152,5.0,2023-07-24 02:16:58.272841050,30541.0,South
5895.0,Product_30,360.1451703528965,19.0,2023-10-26 20:29:08.185231536,93996.0,West
7231.0,Product_63,228.61104061081468,17.0,2023-04-30 08:37:14.793491864,74360.0,North
4893.0,Product_86,183.73198953881342,5.0,2023-01-06 00:16:13.216520650,23731.0,West
1270.0,Product_31,263.0816256295019,17.0,2023-08-26 08:26:25.982478096,59464.0,West
3462.0,Product_86,429.3293139980466,13.0,2023-10-12 17:32:30.938673340,11524.0,East
9411.0,Product_72,217.38587280481966,9.0,2023-02-06 21:37:37.321652065,99326.0,West
2517.0,Product_63,391.2052610251386,5.0,2023-08-13 14:17:52.340425532,86086.0,North
5765.0,Product_98,456.95552611047873,15.0,2023-08-31 08:42:39.198998748,12147.0,South
1191.0,Product_31,83.57469787028322,8.0,2023-08-04 00:41:27.108886108,19247.0,South
8086.0,Product_74,410.93341351754646,15.0,2023-04-11 05:24:24.330413016,39685.0,South
2012.0,Product_1,433.68765914764947,13.0,2023-12-13 05:35:13.141426780,12017.0,East
4359.0,Product_37,109.00306049161414,4.0,2023-08-11 18:33:47.534418020,27548.0,East
9996.0,Product_66,384.43102152970545,19.0,2023-04-21 05:56:50.763454318,59999.0,West
2504.0,Product_43,204.3560449496812,11.0,2023-07-31 20:09:18.698372964,47383.0,South
2932.0,Product_92,314.69714076650183,19.0,2023-06-14 21:59:14.943679598,54565.0,South
4439.0,Product_62,55.90708311795097,15.0,2023-02-01 21:21:24.105131414,24549.0,North
2504.0,Product_11,212.90544712635312,5.0,2023-07-27 06:49:06.683354192,68899.0,South
2230.0,Product_3,358.7858225835078,2.0,2023-02-26 11:46:28.986232791,93848.0,East
1897.0,Product_71,13.019196683036268,4.0,2023-01-28 08:01:12.090112640,70102.0,North
7763.0,Product_16,488.01051518172164,1.0,2023-11-13 03:57:53.842302876,38561.0,East
7026.0,Product_63,44.24374089243992,12.0,2023-05-15 20:21:55.644555694,80871.0,West
3828.0,Product_20,272.44820634694236,3.0,2023-03-15 08:19:13.441802252,86478.0,West
